{
  "train_loss": [
    0.32615146194696426,
    0.15703458393216133,
    0.13063993571698665,
    0.12014471026957035,
    0.11421183169186115
  ],
  "train_acc": [
    0.8869,
    0.9499,
    0.95355,
    0.9553,
    0.95665
  ],
  "val_loss": [
    0.15513136274814607,
    0.10577910001277924,
    0.09012379976511002,
    0.09059361095428467,
    0.07679272461235523
  ],
  "val_acc": [
    0.9582,
    0.9702,
    0.9702,
    0.9658,
    0.9724
  ]
}